{
  "hash": "247a7bfb",
  "configHash": "be926e1a",
  "lockfileHash": "78f36ba8",
  "browserHash": "0b753f13",
  "optimized": {
    "react/jsx-dev-runtime": {
      "src": "../../node_modules/react/jsx-dev-runtime.js",
      "file": "react_jsx-dev-runtime.js",
      "fileHash": "5da351c8",
      "needsInterop": true
    },
    "react-dom/client": {
      "src": "../../node_modules/react-dom/client.js",
      "file": "react-dom_client.js",
      "fileHash": "2a0c5ba0",
      "needsInterop": true
    },
    "react": {
      "src": "../../node_modules/react/index.js",
      "file": "react.js",
      "fileHash": "d0f111c7",
      "needsInterop": true
    },
    "@monaco-editor/react": {
      "src": "../../node_modules/@monaco-editor/react/dist/index.mjs",
      "file": "@monaco-editor_react.js",
      "fileHash": "657b0bb6",
      "needsInterop": false
    },
    "react-markdown": {
      "src": "../../node_modules/react-markdown/index.js",
      "file": "react-markdown.js",
      "fileHash": "c2773549",
      "needsInterop": false
    },
    "lucide-react": {
      "src": "../../node_modules/lucide-react/dist/esm/lucide-react.js",
      "file": "lucide-react.js",
      "fileHash": "eda8add7",
      "needsInterop": false
    },
    "tailwind-merge": {
      "src": "../../node_modules/tailwind-merge/dist/bundle-mjs.mjs",
      "file": "tailwind-merge.js",
      "fileHash": "24f3967e",
      "needsInterop": false
    },
    "clsx": {
      "src": "../../node_modules/clsx/dist/clsx.mjs",
      "file": "clsx.js",
      "fileHash": "81df6af8",
      "needsInterop": false
    }
  },
  "chunks": {
    "chunk-TWJRYSII": {
      "file": "chunk-TWJRYSII.js"
    },
    "chunk-DC5AMYBS": {
      "file": "chunk-DC5AMYBS.js"
    }
  }
}